Filename,Annot_Area,Pred_Area,Area_Diff,Area_Pct_Diff (%),Annot_Max_Feret,Pred_Max_Feret,Max_Feret_Diff,Max_Feret_Pct_Diff (%),Annot_Min_Feret,Pred_Min_Feret,Min_Feret_Diff,Min_Feret_Pct_Diff (%)
07-11-segment10_camera1_slot_0_frame_0000-0.png,2200,2323,123,5.59,59.94,65.86,5.91,9.87,51.21,53.92,2.71,5.28
07-11-segment10_camera1_slot_15_frame_0518-0.png,1324,1664,340,25.68,46.86,56.4,9.54,20.36,39.33,44.83,5.5,13.99
07-11-segment10_camera1_slot_16_frame_0546-0.png,1034,1100,66,6.38,40.5,42.06,1.56,3.86,34.0,35.36,1.36,3.99
07-11-segment10_camera2_slot_27_frame_0956-0.png,483,488,5,1.04,26.93,28.23,1.31,4.85,23.0,22.0,-1.0,-4.35
07-11-segment2_camera1_slot_16_frame_0246-0.png,1427,1367,-60,-4.2,48.55,44.78,-3.77,-7.77,39.85,40.0,0.15,0.36
07-11-segment4_camera2_slot_29_frame_0636-0.png,697,792,95,13.63,36.14,41.23,5.09,14.09,27.0,27.0,0.0,0.0
07-11-segment6_camera1_slot_16_frame_0344-0.png,1915,1659,-256,-13.37,57.22,51.86,-5.36,-9.37,47.0,46.37,-0.63,-1.33
07-11-segment6_camera2_slot_28_frame_0621-0.png,945,1064,119,12.59,42.38,42.72,0.34,0.8,30.88,33.93,3.04,9.86
07-11-segment7_camera2_slot_23_frame_0499-0.png,893,499,-394,-44.12,45.49,28.65,-16.83,-37.01,26.9,22.59,-4.31,-16.02
07-11-segment7_camera2_slot_27_frame_0603-0.png,254,381,127,50.0,22.36,23.6,1.24,5.55,15.4,20.73,5.33,34.63
07-11-segment8_camera1_slot_15_frame_0300-0.png,479,602,123,25.68,28.02,30.53,2.51,8.96,22.0,26.0,4.0,18.18
07-11-segment8_camera1_slot_25_frame_0619-0.png,223,678,455,204.04,18.38,37.58,19.19,104.39,15.43,24.55,9.11,59.05
07-11-segment8_camera1_slot_5_frame_0103-0.png,821,873,52,6.33,36.62,36.4,-0.22,-0.6,32.0,31.37,-0.63,-1.96
07-11-segment8_camera2_slot_12_frame_0261-0.png,702,662,-40,-5.7,34.71,32.7,-2.02,-5.81,27.0,24.91,-2.09,-7.75
07-11-segment8_camera2_slot_21_frame_0518-0.png,908,822,-86,-9.47,44.38,41.11,-3.28,-7.38,32.91,31.27,-1.64,-4.97
07-11-segment9_camera1_slot_25_frame_0763-0.png,952,1010,58,6.09,38.08,39.46,1.38,3.62,32.0,31.87,-0.13,-0.41
07-11-segment9_camera1_slot_4_frame_0112-0.png,1349,964,-385,-28.54,51.04,46.17,-4.87,-9.53,42.19,27.32,-14.87,-35.26
07-11-segment9_camera2_slot_6_frame_0147-0.png,585,534,-51,-8.72,31.62,30.36,-1.26,-3.98,25.22,23.81,-1.41,-5.59
07-11-segment9_camera2_slot_8_frame_0201-0.png,619,585,-34,-5.49,31.3,30.68,-0.63,-2.01,27.51,23.4,-4.11,-14.94
07-14-segment10_camera1_slot_16_frame_0352-0.png,4407,4156,-251,-5.7,84.91,83.63,-1.28,-1.5,75.58,68.31,-7.27,-9.61
07-14-segment10_camera1_slot_21_frame_0472-0.png,2606,2643,37,1.42,63.06,63.2,0.13,0.21,57.9,57.66,-0.24,-0.42
07-14-segment10_camera1_slot_5_frame_0109-0.png,953,797,-156,-16.37,49.48,42.43,-7.05,-14.25,37.31,26.39,-10.93,-29.29
07-14-segment10_camera2_slot_16_frame_0345-0.png,3276,3285,9,0.27,80.36,78.34,-2.02,-2.52,57.0,55.68,-1.32,-2.32
07-14-segment10_camera2_slot_17_frame_0361-0.png,3458,3333,-125,-3.61,77.2,72.01,-5.19,-6.73,63.0,63.0,0.0,0.0
07-14-segment10_camera2_slot_18_frame_0392-0.png,721,800,79,10.96,38.33,39.32,0.99,2.59,25.98,26.72,0.75,2.88
07-14-segment10_camera2_slot_24_frame_0539-0.png,1772,1871,99,5.59,55.71,57.71,1.99,3.58,44.41,45.66,1.25,2.82
07-14-segment10_camera2_slot_3_frame_0053-0.png,2862,2919,57,1.99,65.86,65.0,-0.86,-1.3,59.2,61.08,1.87,3.16
07-14-segment10_camera2_slot_5_frame_0098-0.png,1223,1139,-84,-6.87,47.93,47.13,-0.8,-1.67,34.64,31.0,-3.64,-10.52
07-14-segment1_camera1_slot_17_frame_0311-0.png,1583,1732,149,9.41,53.6,55.47,1.87,3.49,42.39,41.98,-0.41,-0.97
07-14-segment1_camera1_slot_21_frame_0381-0.png,4580,4381,-199,-4.34,89.29,85.87,-3.42,-3.83,73.54,68.87,-4.67,-6.35
07-14-segment1_camera1_slot_26_frame_0474-0.png,1072,884,-188,-17.54,50.25,39.96,-10.29,-20.47,29.69,28.0,-1.69,-5.68
07-14-segment1_camera1_slot_2_frame_0060-0.png,671,487,-184,-27.42,38.91,33.53,-5.38,-13.84,24.28,18.68,-5.6,-23.07
07-14-segment1_camera1_slot_2_frame_0060-1.png,1712,1672,-40,-2.34,52.24,54.33,2.09,4.01,43.62,40.0,-3.62,-8.31
07-14-segment1_camera1_slot_5_frame_0113-0.png,517,581,64,12.38,30.59,31.26,0.66,2.17,24.06,24.6,0.53,2.22
07-14-segment1_camera2_slot_10_frame_0185-0.png,1297,1480,183,14.11,47.41,47.85,0.44,0.93,39.33,40.98,1.65,4.21
07-14-segment1_camera2_slot_14_frame_0248-0.png,2159,1751,-408,-18.9,68.41,60.42,-8.0,-11.69,47.14,39.0,-8.14,-17.26
07-14-segment1_camera2_slot_14_frame_0248-1.png,1478,1528,50,3.38,48.88,51.11,2.23,4.56,42.54,41.6,-0.94,-2.21
07-14-segment1_camera2_slot_16_frame_0281-0.png,1910,1890,-20,-1.05,63.64,59.44,-4.2,-6.6,42.06,41.88,-0.19,-0.44
07-14-segment1_camera2_slot_24_frame_0428-0.png,2697,2754,57,2.11,67.6,67.36,-0.24,-0.35,57.84,58.69,0.85,1.47
07-14-segment1_camera2_slot_4_frame_0086-0.png,382,476,94,24.61,28.18,29.61,1.44,5.1,19.22,18.71,-0.51,-2.67
07-14-segment1_camera2_slot_8_frame_0152-0.png,1795,1689,-106,-5.91,60.21,53.01,-7.2,-11.96,45.0,45.0,0.0,0.0
07-14-segment1_camera2_slot_8_frame_0152-1.png,660,639,-21,-3.18,33.54,30.46,-3.08,-9.18,28.17,26.87,-1.3,-4.63
07-14-segment2_camera1_slot_0_frame_0000-0.png,948,820,-128,-13.5,37.48,35.36,-2.13,-5.68,32.26,28.89,-3.37,-10.44
07-14-segment2_camera1_slot_17_frame_0369-0.png,943,973,30,3.18,39.92,36.67,-3.25,-8.14,32.0,32.5,0.5,1.57
07-14-segment2_camera1_slot_19_frame_0424-0.png,268,371,103,38.43,23.09,24.04,0.95,4.14,16.09,19.78,3.69,22.96
07-14-segment2_camera1_slot_4_frame_0073-0.png,558,554,-4,-0.72,30.0,28.43,-1.57,-5.25,25.0,24.96,-0.04,-0.15
07-14-segment2_camera1_slot_7_frame_0124-0.png,1606,1659,53,3.3,52.81,51.97,-0.84,-1.59,41.52,43.67,2.15,5.17
07-14-segment2_camera2_slot_11_frame_0216-0.png,1496,1709,213,14.24,49.48,50.45,0.97,1.96,42.32,43.38,1.06,2.5
07-14-segment2_camera2_slot_12_frame_0248-0.png,1350,1468,118,8.74,46.32,48.41,2.09,4.51,40.53,40.92,0.39,0.96
07-14-segment2_camera2_slot_26_frame_0592-0.png,4492,4230,-262,-5.83,86.95,84.17,-2.78,-3.2,72.78,70.63,-2.16,-2.97
07-14-segment2_camera2_slot_3_frame_0050-0.png,3578,3320,-258,-7.21,81.74,74.67,-7.07,-8.65,61.9,58.77,-3.13,-5.05
07-14-segment2_camera2_slot_9_frame_0167-0.png,3101,3054,-47,-1.52,71.2,68.73,-2.47,-3.46,60.0,59.99,-0.01,-0.02
07-14-segment3_camera1_slot_13_frame_0267-0.png,1174,1022,-152,-12.95,44.94,41.87,-3.08,-6.84,35.0,34.0,-1.0,-2.86
07-14-segment3_camera1_slot_14_frame_0282-0.png,1470,1587,117,7.96,51.22,51.22,0.0,0.0,39.69,42.28,2.6,6.54
07-14-segment3_camera1_slot_15_frame_0305-0.png,787,791,4,0.51,44.94,43.46,-1.48,-3.3,24.95,22.85,-2.1,-8.41
07-14-segment3_camera1_slot_15_frame_0305-1.png,448,463,15,3.35,29.41,28.6,-0.81,-2.75,19.8,22.12,2.32,11.74
07-14-segment3_camera1_slot_2_frame_0040-0.png,548,449,-99,-18.07,32.98,26.48,-6.51,-19.73,23.33,22.0,-1.33,-5.72
07-14-segment3_camera1_slot_5_frame_0102-0.png,1919,1886,-33,-1.72,61.52,55.95,-5.58,-9.06,43.51,45.54,2.02,4.65
07-14-segment3_camera2_slot_11_frame_0239-0.png,1051,1084,33,3.14,49.93,49.73,-0.2,-0.4,34.29,27.46,-6.83,-19.92
07-14-segment3_camera2_slot_11_frame_0239-1.png,1823,1879,56,3.07,58.82,56.4,-2.42,-4.12,45.56,43.06,-2.5,-5.49
07-14-segment3_camera2_slot_18_frame_0380-0.png,1260,1362,102,8.1,50.33,48.55,-1.78,-3.54,35.0,36.95,1.95,5.56
07-14-segment3_camera2_slot_23_frame_0482-0.png,862,912,50,5.8,46.07,44.1,-1.96,-4.26,25.94,27.8,1.86,7.17
07-14-segment3_camera2_slot_28_frame_0576-0.png,927,915,-12,-1.29,42.72,49.04,6.32,14.8,33.54,30.76,-2.78,-8.28
07-14-segment3_camera2_slot_6_frame_0129-0.png,2348,2272,-76,-3.24,66.49,58.87,-7.62,-11.46,54.12,51.44,-2.69,-4.96
07-14-segment3_camera2_slot_6_frame_0129-1.png,1386,1423,37,2.67,46.1,48.47,2.37,5.14,40.0,38.5,-1.5,-3.74
07-14-segment4_camera1_slot_17_frame_0278-0.png,2826,2848,22,0.78,69.32,67.42,-1.9,-2.74,61.1,57.01,-4.09,-6.69
07-14-segment4_camera1_slot_19_frame_0307-0.png,987,1173,186,18.84,39.4,40.71,1.31,3.33,35.05,35.32,0.27,0.77
07-14-segment4_camera1_slot_21_frame_0336-0.png,2068,2096,28,1.35,56.3,57.43,1.13,2.0,50.02,49.64,-0.38,-0.77
07-14-segment4_camera2_slot_24_frame_0384-0.png,1588,1751,163,10.26,52.17,53.01,0.84,1.6,43.0,45.49,2.49,5.78
07-14-segment4_camera2_slot_25_frame_0402-0.png,898,820,-78,-8.69,37.95,35.13,-2.82,-7.43,31.16,29.22,-1.95,-6.24
07-14-segment4_camera2_slot_27_frame_0435-0.png,2099,2080,-19,-0.91,61.68,59.67,-2.02,-3.27,47.0,47.85,0.85,1.82
07-14-segment4_camera2_slot_28_frame_0450-0.png,3104,3058,-46,-1.48,71.06,71.7,0.64,0.9,60.72,59.7,-1.02,-1.67
07-14-segment4_camera2_slot_4_frame_0066-0.png,2283,2132,-151,-6.61,64.03,60.88,-3.15,-4.93,46.66,46.8,0.14,0.31
07-14-segment5_camera1_slot_11_frame_0143-0.png,2299,2385,86,3.74,65.25,63.35,-1.91,-2.92,50.63,53.9,3.27,6.45
07-14-segment5_camera1_slot_12_frame_0155-0.png,1136,1141,5,0.44,45.49,43.93,-1.55,-3.42,36.76,36.0,-0.76,-2.07
07-14-segment5_camera1_slot_13_frame_0171-0.png,1719,1454,-265,-15.42,57.28,51.86,-5.42,-9.47,43.0,39.64,-3.36,-7.82
07-14-segment5_camera1_slot_15_frame_0201-0.png,2074,1795,-279,-13.45,66.71,58.52,-8.18,-12.27,52.05,45.6,-6.45,-12.39
07-14-segment5_camera1_slot_9_frame_0117-0.png,3203,2993,-210,-6.56,72.18,71.06,-1.12,-1.55,61.16,59.08,-2.08,-3.41
07-14-segment5_camera2_slot_13_frame_0181-0.png,4850,4996,146,3.01,99.2,103.08,3.88,3.91,67.81,69.12,1.31,1.94
07-14-segment5_camera2_slot_15_frame_0213-0.png,1730,1556,-174,-10.06,56.32,52.63,-3.69,-6.55,39.96,40.08,0.12,0.31
07-14-segment5_camera2_slot_1_frame_0014-0.png,1073,1080,7,0.65,40.72,42.45,1.73,4.25,34.0,33.0,-1.0,-2.94
07-14-segment5_camera2_slot_23_frame_0339-0.png,2777,2761,-16,-0.58,68.88,66.71,-2.17,-3.15,54.79,55.94,1.15,2.1
07-14-segment5_camera2_slot_29_frame_0437-0.png,2657,2456,-201,-7.56,67.12,65.19,-1.93,-2.87,59.33,52.43,-6.9,-11.63
07-14-segment6_camera1_slot_12_frame_0172-0.png,663,809,146,22.02,34.37,34.01,-0.35,-1.02,26.16,24.0,-2.16,-8.27
07-14-segment6_camera1_slot_5_frame_0070-0.png,2026,1635,-391,-19.3,57.43,50.77,-6.65,-11.59,49.21,41.81,-7.4,-15.04
07-14-segment6_camera2_slot_14_frame_0218-0.png,1905,1844,-61,-3.2,57.01,54.78,-2.23,-3.91,45.66,42.85,-2.81,-6.16
07-14-segment6_camera2_slot_17_frame_0266-0.png,3681,2953,-728,-19.78,77.88,69.63,-8.24,-10.58,65.0,56.9,-8.1,-12.47
07-14-segment6_camera2_slot_25_frame_0400-0.png,1887,2006,119,6.31,58.69,61.85,3.15,5.37,44.12,44.43,0.31,0.7
07-14-segment6_camera2_slot_5_frame_0073-0.png,2892,2662,-230,-7.95,77.16,71.57,-5.59,-7.25,55.83,53.54,-2.29,-4.1
07-14-segment7_camera1_slot_12_frame_0165-0.png,2952,2547,-405,-13.72,76.84,68.6,-8.24,-10.72,60.34,53.75,-6.59,-10.92
07-14-segment7_camera1_slot_1_frame_0012-0.png,904,814,-90,-9.96,45.31,41.63,-3.68,-8.12,27.0,26.67,-0.33,-1.22
07-14-segment7_camera1_slot_20_frame_0311-0.png,3663,3572,-91,-2.48,80.52,79.08,-1.45,-1.8,61.0,59.71,-1.29,-2.11
07-14-segment7_camera1_slot_7_frame_0079-0.png,1469,1468,-1,-0.07,50.96,51.24,0.28,0.56,41.38,41.07,-0.31,-0.75
07-14-segment7_camera2_slot_24_frame_0398-0.png,1549,1542,-7,-0.45,52.5,51.74,-0.76,-1.44,42.47,41.51,-0.96,-2.27
07-14-segment7_camera2_slot_27_frame_0458-0.png,1721,1754,33,1.92,52.15,52.01,-0.14,-0.28,45.09,46.48,1.38,3.07
07-14-segment7_camera2_slot_4_frame_0059-0.png,4293,4904,611,14.23,89.89,89.69,-0.19,-0.22,68.43,70.34,1.91,2.79
07-14-segment7_camera2_slot_4_frame_0059-1.png,1082,913,-169,-15.62,45.28,42.44,-2.84,-6.27,33.42,28.99,-4.43,-13.25
07-14-segment7_camera2_slot_7_frame_0109-0.png,3136,2862,-274,-8.74,74.95,68.95,-6.0,-8.0,61.1,57.64,-3.46,-5.66
07-14-segment7_camera2_slot_9_frame_0140-0.png,3988,4171,183,4.59,81.22,79.51,-1.71,-2.11,65.96,72.72,6.76,10.24
07-14-segment8_camera1_slot_1_frame_0014-0.png,2199,1920,-279,-12.69,61.74,58.18,-3.56,-5.77,48.79,44.51,-4.28,-8.77
07-14-segment8_camera1_slot_27_frame_0427-0.png,2629,2220,-409,-15.56,67.62,58.18,-9.44,-13.96,55.91,51.99,-3.93,-7.02
07-14-segment8_camera1_slot_7_frame_0099-0.png,1594,1463,-131,-8.22,54.13,52.47,-1.66,-3.07,39.83,37.61,-2.23,-5.59
07-14-segment8_camera2_slot_0_frame_0000-0.png,1599,1383,-216,-13.51,55.95,47.85,-8.09,-14.46,38.72,38.51,-0.21,-0.55
07-14-segment8_camera2_slot_15_frame_0222-0.png,3012,3003,-9,-0.3,73.0,66.12,-6.88,-9.42,61.77,59.09,-2.67,-4.33
07-14-segment8_camera2_slot_21_frame_0310-0.png,3793,3702,-91,-2.4,80.95,79.32,-1.63,-2.01,69.21,66.68,-2.53,-3.66
07-14-segment8_camera2_slot_27_frame_0436-0.png,2484,2413,-71,-2.86,66.89,67.68,0.79,1.18,57.42,51.72,-5.7,-9.93
07-14-segment8_camera2_slot_9_frame_0139-0.png,1799,1837,38,2.11,53.6,54.63,1.03,1.91,46.35,45.63,-0.72,-1.55
07-14-segment9_camera1_slot_10_frame_0145-0.png,2832,2805,-27,-0.95,70.83,70.34,-0.49,-0.69,55.44,56.0,0.56,1.0
07-14-segment9_camera1_slot_17_frame_0254-0.png,1615,1437,-178,-11.02,50.99,47.8,-3.19,-6.25,42.49,39.7,-2.78,-6.56
07-14-segment9_camera1_slot_5_frame_0076-0.png,2419,2419,0,0.0,65.46,64.85,-0.61,-0.94,53.78,52.39,-1.39,-2.58
07-14-segment9_camera2_slot_0_frame_0000-0.png,3473,3433,-40,-1.15,75.93,72.95,-2.98,-3.93,64.86,64.06,-0.79,-1.22
07-14-segment9_camera2_slot_19_frame_0289-0.png,4799,4910,111,2.31,92.11,93.47,1.36,1.47,77.0,76.0,-1.0,-1.3
07-14-segment9_camera2_slot_23_frame_0347-0.png,3181,2952,-229,-7.2,76.94,72.5,-4.44,-5.77,58.0,56.91,-1.09,-1.87
07-14-segment9_camera2_slot_25_frame_0383-0.png,2189,1708,-481,-21.97,60.31,52.61,-7.7,-12.76,49.32,42.38,-6.93,-14.06
07-14-segment9_camera2_slot_3_frame_0049-0.png,3167,2570,-597,-18.85,72.95,63.6,-9.34,-12.81,61.8,51.86,-9.94,-16.08
07-14-segment9_camera2_slot_4_frame_0064-0.png,2570,2485,-85,-3.31,69.63,72.42,2.79,4.0,51.77,49.64,-2.14,-4.13
07-16-segment10_camera2_slot_12_frame_0241-0.png,4795,5239,444,9.26,92.05,97.42,5.37,5.83,82.15,81.41,-0.73,-0.89
07-16-segment10_camera2_slot_2_frame_0029-0.png,10790,8690,-2100,-19.46,143.84,122.97,-20.87,-14.51,98.99,96.13,-2.86,-2.88
07-16-segment10_camera2_slot_9_frame_0168-0.png,2905,3309,404,13.91,76.94,72.4,-4.54,-5.9,61.0,63.0,2.0,3.28
07-16-segment1_camera1_slot_12_frame_0205-0.png,3728,2828,-900,-24.14,81.84,68.62,-13.22,-16.15,66.2,58.08,-8.11,-12.26
07-16-segment1_camera1_slot_20_frame_0310-0.png,7982,7728,-254,-3.18,115.55,114.27,-1.28,-1.11,101.83,98.8,-3.03,-2.97
07-16-segment1_camera1_slot_22_frame_0347-0.png,8136,7827,-309,-3.8,125.96,125.2,-0.76,-0.61,102.19,90.09,-12.1,-11.84
07-16-segment1_camera1_slot_25_frame_0412-0.png,3407,3245,-162,-4.75,75.5,75.8,0.3,0.39,63.27,61.97,-1.3,-2.05
07-16-segment1_camera1_slot_9_frame_0161-0.png,7446,7247,-199,-2.67,110.05,112.45,2.4,2.18,87.37,86.66,-0.72,-0.82
07-16-segment1_camera2_slot_20_frame_0312-0.png,4150,4081,-69,-1.66,88.57,81.15,-7.41,-8.37,71.39,70.11,-1.28,-1.8
07-16-segment1_camera2_slot_28_frame_0468-0.png,3735,3669,-66,-1.77,83.87,84.29,0.42,0.5,65.0,62.74,-2.26,-3.48
07-16-segment1_camera2_slot_29_frame_0481-0.png,2080,1980,-100,-4.81,56.04,53.85,-2.19,-3.91,50.05,47.6,-2.45,-4.89
07-16-segment1_camera2_slot_5_frame_0097-0.png,1143,1223,80,7.0,59.46,56.3,-3.16,-5.32,31.73,28.68,-3.05,-9.62
07-16-segment1_camera2_slot_6_frame_0112-0.png,4807,3899,-908,-18.89,98.49,79.4,-19.08,-19.38,80.33,66.67,-13.65,-16.99
07-16-segment1_camera2_slot_6_frame_0112-1.png,1807,1921,114,6.31,56.08,55.79,-0.29,-0.53,46.82,46.03,-0.79,-1.68
07-16-segment1_camera2_slot_8_frame_0145-0.png,3513,3741,228,6.49,85.42,82.08,-3.34,-3.91,63.38,64.69,1.31,2.07
07-16-segment2_camera1_slot_11_frame_0175-0.png,7788,7847,59,0.76,117.9,114.24,-3.67,-3.11,100.53,100.28,-0.26,-0.25
07-16-segment2_camera1_slot_12_frame_0185-0.png,4204,4290,86,2.05,113.16,111.29,-1.87,-1.65,58.7,58.39,-0.31,-0.53
07-16-segment2_camera1_slot_12_frame_0185-1.png,2773,2610,-163,-5.88,66.94,66.76,-0.18,-0.27,55.33,53.13,-2.19,-3.97
07-16-segment2_camera1_slot_18_frame_0263-0.png,2732,2680,-52,-1.9,82.23,80.23,-1.99,-2.43,46.2,44.03,-2.17,-4.69
07-16-segment2_camera1_slot_25_frame_0356-0.png,6246,5869,-377,-6.04,110.07,104.17,-5.9,-5.36,88.97,87.39,-1.58,-1.78
07-16-segment2_camera1_slot_9_frame_0150-0.png,5142,4666,-476,-9.26,99.61,101.27,1.66,1.67,69.22,67.52,-1.71,-2.46
07-16-segment2_camera2_slot_10_frame_0147-0.png,1458,1237,-221,-15.16,52.8,47.42,-5.38,-10.19,40.22,33.97,-6.25,-15.54
07-16-segment2_camera2_slot_10_frame_0147-1.png,5297,5188,-109,-2.06,99.16,96.17,-2.99,-3.02,74.86,73.77,-1.09,-1.45
07-16-segment2_camera2_slot_16_frame_0226-0.png,5461,5572,111,2.03,101.98,100.22,-1.76,-1.72,86.14,84.45,-1.69,-1.96
07-16-segment2_camera2_slot_16_frame_0226-1.png,719,789,70,9.74,34.48,35.85,1.37,3.96,27.38,28.86,1.48,5.42
07-16-segment2_camera2_slot_18_frame_0256-0.png,3830,5256,1426,37.23,84.12,80.5,-3.62,-4.3,69.58,67.29,-2.3,-3.3
07-16-segment2_camera2_slot_1_frame_0012-0.png,2866,2537,-329,-11.48,74.81,69.08,-5.73,-7.66,60.0,48.04,-11.96,-19.93
07-16-segment2_camera2_slot_22_frame_0306-0.png,2131,2171,40,1.88,62.68,61.06,-1.62,-2.59,50.2,46.0,-4.2,-8.37
07-16-segment2_camera2_slot_22_frame_0306-1.png,4047,3786,-261,-6.45,82.97,77.9,-5.07,-6.11,74.68,69.75,-4.93,-6.6
07-16-segment2_camera2_slot_8_frame_0120-0.png,6242,6531,289,4.63,97.98,101.71,3.73,3.8,87.35,84.98,-2.37,-2.71
07-16-segment3_camera1_slot_11_frame_0183-0.png,876,724,-152,-17.35,38.9,35.17,-3.73,-9.58,32.03,27.04,-5.0,-15.6
07-16-segment3_camera1_slot_20_frame_0256-0.png,1372,1623,251,18.29,46.07,51.26,5.2,11.29,40.76,40.14,-0.63,-1.54
07-16-segment3_camera1_slot_27_frame_0300-0.png,803,833,30,3.74,38.48,39.85,1.37,3.55,32.0,26.13,-5.87,-18.35
07-16-segment3_camera1_slot_28_frame_0315-0.png,4451,4534,83,1.86,90.47,88.96,-1.52,-1.68,72.31,73.88,1.57,2.17
07-16-segment3_camera1_slot_28_frame_0315-1.png,1054,942,-112,-10.63,46.23,41.62,-4.61,-9.97,34.0,30.55,-3.45,-10.15
07-16-segment3_camera1_slot_6_frame_0101-0.png,2647,2431,-216,-8.16,68.01,60.9,-7.11,-10.46,57.06,54.54,-2.52,-4.41
07-16-segment3_camera2_slot_12_frame_0139-0.png,3404,3288,-116,-3.41,78.24,69.29,-8.95,-11.44,62.72,61.3,-1.42,-2.26
07-16-segment3_camera2_slot_24_frame_0274-0.png,2478,2099,-379,-15.29,63.13,57.28,-5.85,-9.27,51.0,48.0,-3.0,-5.88
07-16-segment3_camera2_slot_26_frame_0297-0.png,5817,5727,-90,-1.55,96.03,95.13,-0.89,-0.93,87.21,84.71,-2.5,-2.87
07-16-segment3_camera2_slot_8_frame_0092-0.png,5078,5279,201,3.96,97.98,98.27,0.29,0.29,76.82,76.65,-0.17,-0.22
07-16-segment4_camera1_slot_18_frame_0245-0.png,2518,2489,-29,-1.15,65.86,65.51,-0.35,-0.53,55.99,53.73,-2.26,-4.03
07-16-segment4_camera1_slot_1_frame_0025-0.png,1920,1748,-172,-8.96,57.38,53.71,-3.67,-6.4,45.68,44.0,-1.68,-3.68
07-16-segment4_camera1_slot_25_frame_0332-0.png,1821,1867,46,2.53,53.81,53.6,-0.21,-0.4,47.0,46.0,-1.0,-2.13
07-16-segment4_camera1_slot_7_frame_0101-0.png,6301,6040,-261,-4.14,106.47,94.83,-11.64,-10.94,89.71,88.0,-1.71,-1.91
07-16-segment4_camera1_slot_8_frame_0116-0.png,3066,2883,-183,-5.97,72.07,64.9,-7.17,-9.95,57.64,56.98,-0.66,-1.14
07-16-segment4_camera2_slot_11_frame_0138-0.png,7005,7099,94,1.34,117.96,120.6,2.64,2.24,95.71,92.73,-2.99,-3.12
07-16-segment4_camera2_slot_16_frame_0209-0.png,7369,7525,156,2.12,122.38,118.6,-3.78,-3.09,103.72,101.0,-2.72,-2.62
07-16-segment4_camera2_slot_19_frame_0249-0.png,3696,3473,-223,-6.03,83.86,72.56,-11.3,-13.48,65.05,66.14,1.09,1.68
07-16-segment4_camera2_slot_23_frame_0304-0.png,4184,3792,-392,-9.37,91.01,80.5,-10.5,-11.54,65.71,61.49,-4.23,-6.43
07-16-segment4_camera2_slot_3_frame_0035-0.png,5394,5500,106,1.97,98.62,98.41,-0.2,-0.21,81.35,80.01,-1.34,-1.64
07-16-segment5_camera1_slot_15_frame_0187-0.png,4712,4625,-87,-1.85,91.3,90.08,-1.22,-1.34,75.3,72.12,-3.17,-4.21
07-16-segment5_camera1_slot_26_frame_0332-0.png,3570,3380,-190,-5.32,84.17,81.49,-2.68,-3.18,61.98,60.09,-1.89,-3.05
07-16-segment5_camera1_slot_28_frame_0356-0.png,7014,6555,-459,-6.54,109.02,110.72,1.71,1.57,92.1,91.16,-0.94,-1.02
07-16-segment5_camera1_slot_2_frame_0026-0.png,4151,4310,159,3.83,96.51,86.47,-10.04,-10.4,72.25,72.54,0.3,0.41
07-16-segment5_camera1_slot_5_frame_0067-0.png,4419,4368,-51,-1.15,91.39,88.96,-2.43,-2.66,67.83,66.0,-1.83,-2.69
07-16-segment5_camera2_slot_0_frame_0000-0.png,4430,4521,91,2.05,89.87,89.31,-0.56,-0.63,74.76,76.14,1.38,1.85
07-16-segment5_camera2_slot_11_frame_0275-0.png,4835,5125,290,6.0,91.76,94.2,2.44,2.66,79.58,80.43,0.85,1.07
07-16-segment5_camera2_slot_25_frame_0638-0.png,4663,4412,-251,-5.38,101.83,97.19,-4.64,-4.56,75.99,72.7,-3.3,-4.34
07-16-segment5_camera2_slot_25_frame_0638-1.png,5011,5417,406,8.1,102.65,100.9,-1.75,-1.71,82.0,86.71,4.71,5.74
07-16-segment5_camera2_slot_26_frame_0665-0.png,5548,5623,75,1.35,98.18,98.6,0.42,0.42,83.74,82.37,-1.37,-1.63
07-16-segment5_camera2_slot_3_frame_0072-0.png,1854,1579,-275,-14.83,60.73,56.08,-4.65,-7.65,46.8,40.73,-6.07,-12.96
07-16-segment5_camera2_slot_5_frame_0125-0.png,2894,3072,178,6.15,77.93,73.16,-4.77,-6.11,52.37,56.0,3.63,6.94
07-16-segment6_camera1_slot_10_frame_0118-0.png,2534,2402,-132,-5.21,66.6,61.07,-5.53,-8.3,53.95,53.8,-0.15,-0.28
07-16-segment6_camera1_slot_27_frame_0307-0.png,2119,2110,-9,-0.42,59.84,55.44,-4.4,-7.35,48.76,50.2,1.45,2.97
07-16-segment6_camera1_slot_9_frame_0107-0.png,2219,2231,12,0.54,56.73,56.32,-0.41,-0.72,51.85,51.62,-0.23,-0.44
07-16-segment6_camera2_slot_0_frame_0000-0.png,1158,1086,-72,-6.22,45.71,43.83,-1.88,-4.11,35.89,34.06,-1.83,-5.1
07-16-segment6_camera2_slot_13_frame_0171-0.png,3200,2867,-333,-10.41,83.36,70.41,-12.95,-15.54,61.27,55.86,-5.41,-8.82
07-16-segment6_camera2_slot_16_frame_0201-0.png,5459,6372,913,16.72,95.51,105.95,10.44,10.93,80.0,84.42,4.42,5.53
07-16-segment6_camera2_slot_25_frame_0308-0.png,1522,1382,-140,-9.2,57.72,50.64,-7.09,-12.28,40.6,38.92,-1.68,-4.15
07-16-segment6_camera2_slot_26_frame_0319-0.png,2703,2694,-9,-0.33,75.31,71.85,-3.47,-4.6,52.33,54.0,1.67,3.2
07-16-segment6_camera2_slot_5_frame_0071-0.png,503,720,217,43.14,38.83,41.48,2.65,6.83,18.97,23.95,4.98,26.24
07-16-segment7_camera1_slot_16_frame_0219-0.png,3962,4332,370,9.34,80.81,81.44,0.63,0.78,67.87,72.37,4.5,6.64
07-16-segment7_camera1_slot_18_frame_0247-0.png,2877,2978,101,3.51,64.38,67.47,3.09,4.79,59.42,56.6,-2.81,-4.73
07-16-segment7_camera1_slot_1_frame_0018-0.png,1601,1605,4,0.25,54.2,52.5,-1.71,-3.15,45.2,43.13,-2.07,-4.58
07-16-segment7_camera1_slot_4_frame_0056-0.png,3551,3487,-64,-1.8,77.88,79.4,1.52,1.95,67.97,66.32,-1.65,-2.42
07-16-segment7_camera1_slot_7_frame_0095-0.png,7245,7982,737,10.17,108.41,125.4,16.99,15.67,96.0,97.82,1.82,1.89
07-16-segment7_camera2_slot_11_frame_0156-0.png,8058,7647,-411,-5.1,126.75,114.39,-12.36,-9.75,99.23,97.46,-1.77,-1.79
07-16-segment7_camera2_slot_13_frame_0186-0.png,3094,3191,97,3.14,68.68,68.6,-0.08,-0.12,55.0,59.0,4.0,7.27
07-16-segment7_camera2_slot_13_frame_0186-1.png,3963,3892,-71,-1.79,87.86,87.82,-0.04,-0.05,72.59,69.43,-3.16,-4.35
07-16-segment7_camera2_slot_23_frame_0325-0.png,6391,6201,-190,-2.97,111.8,99.32,-12.48,-11.16,90.07,86.6,-3.47,-3.85
07-16-segment7_camera2_slot_28_frame_0392-0.png,3142,3034,-108,-3.44,69.92,72.11,2.19,3.13,60.91,56.8,-4.12,-6.76
07-16-segment7_camera2_slot_29_frame_0410-0.png,3807,3951,144,3.78,93.15,91.24,-1.9,-2.04,65.49,63.95,-1.54,-2.36
07-16-segment7_camera2_slot_2_frame_0031-0.png,3416,3412,-4,-0.12,76.61,73.76,-2.85,-3.72,64.0,63.46,-0.54,-0.85
07-16-segment8_camera1_slot_11_frame_0129-0.png,5469,4439,-1030,-18.83,129.25,116.62,-12.63,-9.77,58.06,55.68,-2.39,-4.11
07-16-segment8_camera1_slot_15_frame_0178-0.png,5939,5465,-474,-7.98,100.66,97.1,-3.56,-3.54,74.0,74.21,0.21,0.28
07-16-segment8_camera1_slot_16_frame_0189-0.png,5885,5750,-135,-2.29,99.54,103.1,3.56,3.57,85.0,81.89,-3.11,-3.66
07-16-segment8_camera1_slot_26_frame_0334-0.png,7253,7294,41,0.57,118.44,113.7,-4.74,-4.0,96.08,96.56,0.48,0.49
07-16-segment8_camera1_slot_7_frame_0081-0.png,3081,3306,225,7.3,77.67,79.63,1.96,2.53,59.49,59.0,-0.49,-0.82
07-16-segment8_camera2_slot_10_frame_0129-0.png,2065,1875,-190,-9.2,57.78,55.95,-1.83,-3.17,49.0,47.8,-1.2,-2.46
07-16-segment8_camera2_slot_14_frame_0174-0.png,8529,8731,202,2.37,125.71,120.1,-5.6,-4.46,101.27,99.1,-2.16,-2.14
07-16-segment8_camera2_slot_17_frame_0201-0.png,5756,6345,589,10.23,110.39,114.62,4.23,3.83,78.0,77.0,-1.0,-1.28
07-16-segment8_camera2_slot_25_frame_0320-0.png,7498,7580,82,1.09,139.62,126.49,-13.13,-9.4,75.87,80.15,4.29,5.65
07-16-segment9_camera1_slot_11_frame_0143-0.png,2089,1957,-132,-6.32,76.9,69.23,-7.66,-9.97,38.54,35.55,-2.99,-7.75
07-16-segment9_camera1_slot_11_frame_0143-1.png,4757,4797,40,0.84,98.66,93.17,-5.48,-5.56,76.0,75.86,-0.14,-0.19
07-16-segment9_camera1_slot_12_frame_0155-0.png,4883,4655,-228,-4.67,103.17,101.53,-1.64,-1.59,79.57,73.98,-5.59,-7.02
07-16-segment9_camera1_slot_20_frame_0282-0.png,4475,4704,229,5.12,93.09,91.66,-1.42,-1.53,71.92,71.57,-0.35,-0.49
07-16-segment9_camera1_slot_2_frame_0032-0.png,3310,3576,266,8.04,76.49,81.3,4.82,6.3,66.52,64.21,-2.31,-3.48
07-16-segment9_camera1_slot_7_frame_0098-0.png,5762,4312,-1450,-25.16,107.56,85.38,-22.19,-20.63,86.89,73.68,-13.21,-15.2
07-16-segment9_camera2_slot_24_frame_0331-0.png,4176,4233,57,1.36,86.27,85.0,-1.27,-1.47,65.63,66.0,0.37,0.57
07-16-segment9_camera2_slot_27_frame_0378-0.png,5925,5761,-164,-2.77,106.28,102.31,-3.97,-3.73,82.79,80.64,-2.15,-2.59
07-16-segment9_camera2_slot_7_frame_0083-0.png,5531,5695,164,2.97,124.81,125.0,0.19,0.15,68.44,71.12,2.69,3.93
07-18-segment10_camera1_slot_10_frame_0268-0.png,4807,4484,-323,-6.72,108.47,105.89,-2.58,-2.37,72.85,67.88,-4.97,-6.82
07-18-segment10_camera1_slot_17_frame_0475-0.png,10046,9290,-756,-7.53,137.71,136.82,-0.89,-0.65,120.59,113.34,-7.25,-6.01
07-18-segment10_camera1_slot_28_frame_0733-0.png,5883,5820,-63,-1.07,132.97,131.7,-1.27,-0.95,69.0,67.0,-2.0,-2.9
07-18-segment10_camera1_slot_28_frame_0733-1.png,5705,5657,-48,-0.84,106.85,101.87,-4.98,-4.66,89.0,76.85,-12.15,-13.65
07-18-segment10_camera1_slot_29_frame_0777-0.png,6933,5638,-1295,-18.68,120.77,114.13,-6.64,-5.5,87.16,79.33,-7.83,-8.98
07-18-segment10_camera1_slot_29_frame_0777-1.png,3193,3028,-165,-5.17,72.28,73.78,1.51,2.08,59.49,53.52,-5.97,-10.03
07-18-segment10_camera2_slot_15_frame_0400-0.png,8405,8245,-160,-1.9,139.79,131.83,-7.96,-5.69,106.38,104.57,-1.81,-1.7
07-18-segment10_camera2_slot_21_frame_0575-0.png,9283,9177,-106,-1.14,121.02,124.78,3.76,3.11,107.35,104.95,-2.39,-2.23
07-18-segment10_camera2_slot_9_frame_0236-0.png,5615,5740,125,2.23,94.79,94.94,0.14,0.15,80.86,84.38,3.52,4.35
07-18-segment10_camera2_slot_9_frame_0236-1.png,7652,7347,-305,-3.99,135.07,128.41,-6.66,-4.93,77.0,77.0,0.0,0.0
07-18-segment1_camera1_slot_14_frame_0552-0.png,10153,9769,-384,-3.78,144.78,141.04,-3.74,-2.58,121.0,113.49,-7.51,-6.21
07-18-segment1_camera1_slot_14_frame_0552-1.png,8418,7569,-849,-10.09,122.11,120.95,-1.16,-0.95,104.67,94.99,-9.68,-9.25
07-18-segment1_camera1_slot_16_frame_0616-0.png,2260,2368,108,4.78,60.84,62.97,2.13,3.51,52.46,50.03,-2.43,-4.64
07-18-segment1_camera1_slot_16_frame_0616-1.png,2565,2736,171,6.67,91.09,93.52,2.43,2.66,55.19,53.34,-1.85,-3.36
07-18-segment1_camera1_slot_1_frame_0048-0.png,4934,5017,83,1.68,91.27,86.61,-4.66,-5.11,80.05,76.48,-3.58,-4.47
07-18-segment1_camera1_slot_4_frame_0160-0.png,4521,4450,-71,-1.57,91.02,87.82,-3.2,-3.52,73.93,72.92,-1.02,-1.38
07-18-segment1_camera1_slot_6_frame_0245-0.png,1677,1690,13,0.78,51.24,51.4,0.16,0.3,45.5,46.03,0.53,1.17
07-18-segment1_camera2_slot_25_frame_0816-0.png,412,447,35,8.5,28.3,30.61,2.31,8.16,18.12,17.44,-0.68,-3.73
07-18-segment1_camera2_slot_3_frame_0101-0.png,5187,5625,438,8.44,98.23,97.08,-1.15,-1.17,85.16,86.2,1.04,1.23
07-18-segment1_camera2_slot_3_frame_0101-1.png,3397,3557,160,4.71,74.3,75.64,1.34,1.8,61.95,62.85,0.9,1.45
07-18-segment1_camera2_slot_4_frame_0136-0.png,3811,4247,436,11.44,77.94,79.65,1.71,2.2,66.65,71.37,4.72,7.08
07-18-segment2_camera1_slot_11_frame_0355-0.png,3998,4364,366,9.15,75.71,78.6,2.89,3.82,70.45,73.44,3.0,4.25
07-18-segment2_camera1_slot_15_frame_0473-0.png,7042,6719,-323,-4.59,112.36,101.83,-10.53,-9.37,95.82,90.14,-5.68,-5.93
07-18-segment2_camera1_slot_18_frame_0580-0.png,8278,8524,246,2.97,118.0,121.24,3.23,2.74,103.56,104.28,0.72,0.7
07-18-segment2_camera1_slot_1_frame_0038-0.png,3926,3970,44,1.12,84.22,81.84,-2.38,-2.83,68.94,67.88,-1.06,-1.54
07-18-segment2_camera1_slot_29_frame_0927-0.png,2048,2124,76,3.71,60.08,57.94,-2.14,-3.57,48.62,49.82,1.2,2.48
07-18-segment2_camera2_slot_15_frame_0485-0.png,1930,2004,74,3.83,65.76,63.51,-2.26,-3.43,42.99,42.55,-0.44,-1.03
07-18-segment2_camera2_slot_15_frame_0485-1.png,2236,2385,149,6.66,59.77,60.17,0.39,0.66,50.54,50.98,0.44,0.87
07-18-segment2_camera2_slot_18_frame_0586-0.png,8254,7994,-260,-3.15,125.16,119.4,-5.76,-4.6,105.3,97.29,-8.0,-7.6
07-18-segment2_camera2_slot_2_frame_0056-0.png,4906,5050,144,2.94,86.38,87.86,1.49,1.72,80.0,79.7,-0.3,-0.37
07-18-segment3_camera1_slot_16_frame_0490-0.png,2554,2602,48,1.88,69.63,69.26,-0.37,-0.54,45.6,45.71,0.11,0.24
07-18-segment3_camera1_slot_16_frame_0490-1.png,1995,2119,124,6.22,58.52,58.94,0.42,0.71,50.24,50.47,0.23,0.45
07-18-segment3_camera1_slot_17_frame_0520-0.png,6665,6432,-233,-3.5,119.05,113.11,-5.94,-4.99,85.81,87.2,1.39,1.62
07-18-segment3_camera1_slot_17_frame_0520-1.png,1342,1136,-206,-15.35,51.42,46.53,-4.89,-9.51,39.6,32.0,-7.6,-19.19
07-18-segment3_camera1_slot_2_frame_0060-0.png,2939,3055,116,3.95,68.66,69.23,0.57,0.83,60.4,59.52,-0.88,-1.46
07-18-segment3_camera1_slot_7_frame_0230-0.png,5551,5734,183,3.3,95.19,97.53,2.34,2.46,87.26,83.99,-3.26,-3.74
07-18-segment3_camera1_slot_7_frame_0230-1.png,6482,6192,-290,-4.47,116.9,111.31,-5.6,-4.79,96.04,88.22,-7.82,-8.14
07-18-segment3_camera1_slot_9_frame_0294-0.png,4355,4567,212,4.87,82.46,82.64,0.18,0.21,73.45,76.46,3.01,4.1
07-18-segment3_camera2_slot_20_frame_0619-0.png,7125,6810,-315,-4.42,114.02,106.38,-7.64,-6.7,94.09,92.24,-1.85,-1.97
07-18-segment3_camera2_slot_28_frame_0861-0.png,716,471,-245,-34.22,51.2,18.6,-32.59,-63.67,23.0,16.09,-6.91,-30.06
07-18-segment3_camera2_slot_29_frame_0894-0.png,9708,9514,-194,-2.0,132.38,130.21,-2.17,-1.64,110.85,108.7,-2.15,-1.94
07-18-segment4_camera1_slot_11_frame_0416-0.png,5089,5161,72,1.41,101.64,103.95,2.31,2.27,76.83,70.99,-5.84,-7.6
07-18-segment4_camera1_slot_12_frame_0449-0.png,5447,5640,193,3.54,100.28,102.83,2.54,2.53,83.48,82.51,-0.98,-1.17
07-18-segment4_camera1_slot_12_frame_0449-1.png,5104,7795,2691,52.72,98.31,112.77,14.46,14.71,78.68,99.21,20.52,26.08
07-18-segment4_camera1_slot_28_frame_0955-0.png,3888,3152,-736,-18.93,127.2,97.62,-29.58,-23.26,71.81,59.69,-12.12,-16.88
07-18-segment4_camera1_slot_29_frame_0993-0.png,8718,8852,134,1.54,120.54,117.71,-2.83,-2.35,106.96,107.76,0.8,0.75
07-18-segment4_camera1_slot_7_frame_0290-0.png,6594,6174,-420,-6.37,110.89,110.65,-0.23,-0.21,88.29,85.5,-2.79,-3.16
07-18-segment4_camera1_slot_7_frame_0290-1.png,5352,5836,484,9.04,90.61,99.32,8.71,9.62,82.87,84.12,1.25,1.51
07-18-segment4_camera2_slot_1_frame_0036-0.png,10311,10299,-12,-0.12,127.49,128.41,0.93,0.73,117.95,117.36,-0.58,-0.49
07-18-segment4_camera2_slot_22_frame_0780-0.png,3096,3122,26,0.84,66.64,66.49,-0.15,-0.23,60.04,60.81,0.77,1.29
07-18-segment4_camera2_slot_8_frame_0310-0.png,4193,4523,330,7.87,90.24,89.87,-0.37,-0.41,71.29,76.15,4.86,6.81
07-18-segment5_camera1_slot_14_frame_0439-0.png,6329,6374,45,0.71,108.26,105.6,-2.66,-2.45,89.26,88.09,-1.17,-1.31
07-18-segment5_camera1_slot_17_frame_0553-0.png,9345,8362,-983,-10.52,138.29,125.24,-13.05,-9.44,109.79,98.95,-10.84,-9.87
07-18-segment5_camera1_slot_17_frame_0553-1.png,2009,2229,220,10.95,57.49,61.98,4.49,7.82,46.75,47.05,0.31,0.66
07-18-segment5_camera1_slot_20_frame_0637-0.png,1534,1469,-65,-4.24,50.45,48.37,-2.07,-4.11,40.67,38.58,-2.09,-5.13
07-18-segment5_camera1_slot_27_frame_0828-0.png,6615,6423,-192,-2.9,101.95,105.95,4.0,3.92,94.81,85.14,-9.67,-10.2
07-18-segment5_camera1_slot_28_frame_0859-0.png,10567,11210,643,6.08,141.79,138.71,-3.08,-2.17,125.75,122.8,-2.95,-2.34
07-18-segment5_camera2_slot_12_frame_0338-0.png,8776,8164,-612,-6.97,130.65,117.09,-13.56,-10.38,102.65,100.38,-2.27,-2.21
07-18-segment5_camera2_slot_12_frame_0338-1.png,6686,7009,323,4.83,115.52,128.86,13.34,11.55,97.41,96.43,-0.98,-1.01
07-18-segment5_camera2_slot_22_frame_0670-0.png,1685,1721,36,2.14,75.45,71.22,-4.23,-5.61,33.72,35.1,1.38,4.09
07-18-segment5_camera2_slot_24_frame_0725-0.png,8524,8747,223,2.62,137.53,126.61,-10.92,-7.94,101.99,103.06,1.07,1.05
07-18-segment6_camera1_slot_16_frame_0528-0.png,14609,13846,-763,-5.22,163.25,162.41,-0.84,-0.51,133.08,124.95,-8.14,-6.11
07-18-segment6_camera1_slot_22_frame_0722-0.png,8463,7583,-880,-10.4,122.41,116.18,-6.23,-5.09,101.0,97.4,-3.6,-3.56
07-18-segment6_camera1_slot_25_frame_0816-0.png,3538,3228,-310,-8.76,77.39,67.6,-9.79,-12.65,65.82,61.92,-3.9,-5.92
07-18-segment6_camera1_slot_28_frame_0914-0.png,17624,17655,31,0.18,170.29,169.19,-1.11,-0.65,158.9,159.15,0.25,0.16
07-18-segment6_camera1_slot_4_frame_0123-0.png,9268,9346,78,0.84,131.67,129.45,-2.23,-1.69,111.02,113.47,2.45,2.21
07-18-segment6_camera2_slot_11_frame_0370-0.png,8452,8131,-321,-3.8,129.38,117.35,-12.03,-9.3,111.68,99.41,-12.27,-10.99
07-18-segment6_camera2_slot_16_frame_0540-0.png,8422,8358,-64,-0.76,120.1,117.89,-2.21,-1.84,106.96,102.47,-4.49,-4.2
07-18-segment6_camera2_slot_19_frame_0638-0.png,3864,3249,-615,-15.92,115.38,85.96,-29.42,-25.5,54.88,49.91,-4.97,-9.05
07-18-segment6_camera2_slot_19_frame_0638-1.png,17564,17065,-499,-2.84,190.18,175.5,-14.68,-7.72,149.5,139.16,-10.34,-6.92
07-18-segment7_camera1_slot_14_frame_0537-0.png,3068,2567,-501,-16.33,105.31,91.39,-13.92,-13.22,61.66,53.34,-8.32,-13.49
07-18-segment7_camera1_slot_14_frame_0537-1.png,6615,6782,167,2.52,112.4,106.57,-5.83,-5.19,93.05,93.04,-0.01,-0.01
07-18-segment7_camera1_slot_1_frame_0047-0.png,3282,3403,121,3.69,80.53,79.76,-0.77,-0.96,62.74,65.51,2.77,4.41
07-18-segment7_camera1_slot_20_frame_0735-0.png,12547,11676,-871,-6.94,160.11,139.44,-20.67,-12.91,126.77,120.84,-5.93,-4.68
07-18-segment7_camera1_slot_22_frame_0803-0.png,5674,6385,711,12.53,100.98,101.12,0.14,0.14,82.02,89.09,7.07,8.63
07-18-segment7_camera1_slot_6_frame_0233-0.png,4759,5092,333,7.0,89.27,92.65,3.38,3.79,78.01,80.59,2.58,3.31
07-18-segment7_camera2_slot_0_frame_0000-0.png,6787,6601,-186,-2.74,107.42,110.94,3.52,3.27,98.27,92.76,-5.51,-5.61
07-18-segment7_camera2_slot_25_frame_0870-0.png,13725,13819,94,0.68,166.72,157.49,-9.23,-5.54,129.0,128.29,-0.71,-0.55
07-18-segment7_camera2_slot_26_frame_0908-0.png,9032,8838,-194,-2.15,121.43,117.55,-3.89,-3.2,108.32,104.36,-3.96,-3.66
07-18-segment8_camera1_slot_14_frame_0424-0.png,11749,11331,-418,-3.56,142.06,145.34,3.29,2.31,120.47,122.03,1.56,1.29
07-18-segment8_camera1_slot_17_frame_0513-0.png,14517,13083,-1434,-9.88,173.46,149.4,-24.06,-13.87,134.52,132.53,-1.99,-1.48
07-18-segment8_camera1_slot_28_frame_0822-0.png,7478,7191,-287,-3.84,118.98,110.69,-8.29,-6.97,99.0,97.0,-2.0,-2.02
07-18-segment8_camera1_slot_9_frame_0289-0.png,18146,17128,-1018,-5.61,168.86,169.81,0.95,0.56,157.35,154.12,-3.23,-2.05
07-18-segment8_camera2_slot_0_frame_0000-0.png,6008,5707,-301,-5.01,95.52,96.04,0.52,0.54,84.45,81.74,-2.72,-3.22
07-18-segment8_camera2_slot_16_frame_0487-0.png,10699,10974,275,2.57,145.04,148.66,3.62,2.5,117.7,116.02,-1.67,-1.42
07-18-segment8_camera2_slot_26_frame_0770-0.png,9481,9741,260,2.74,149.33,160.73,11.4,7.64,101.81,98.34,-3.48,-3.42
07-18-segment9_camera1_slot_15_frame_0476-0.png,11315,11543,228,2.02,131.61,143.39,11.78,8.95,120.79,121.51,0.73,0.6
07-18-segment9_camera1_slot_16_frame_0516-0.png,5933,6038,105,1.77,94.76,96.57,1.8,1.9,87.06,89.14,2.08,2.39
07-18-segment9_camera1_slot_1_frame_0029-0.png,6058,6086,28,0.46,96.66,96.42,-0.24,-0.25,85.0,86.6,1.6,1.88
07-18-segment9_camera1_slot_25_frame_0747-0.png,13224,13811,587,4.44,147.71,152.98,5.27,3.57,132.16,134.84,2.67,2.02
07-18-segment9_camera1_slot_25_frame_0747-1.png,4568,4564,-4,-0.09,95.08,93.05,-2.03,-2.14,74.33,73.94,-0.39,-0.52
07-18-segment9_camera1_slot_2_frame_0063-0.png,933,1003,70,7.5,39.56,42.38,2.82,7.13,31.76,30.89,-0.88,-2.76
07-18-segment9_camera1_slot_2_frame_0063-1.png,1988,1901,-87,-4.38,73.6,68.24,-5.36,-7.28,44.15,44.65,0.5,1.13
07-18-segment9_camera2_slot_11_frame_0323-0.png,8223,7887,-336,-4.09,122.54,116.71,-5.83,-4.76,99.81,99.6,-0.21,-0.21
07-18-segment9_camera2_slot_28_frame_0828-0.png,9369,9245,-124,-1.32,123.31,125.4,2.09,1.7,114.37,107.08,-7.3,-6.38
07-18-segment9_camera2_slot_2_frame_0052-0.png,2630,2528,-102,-3.88,64.2,63.53,-0.67,-1.05,54.02,53.57,-0.45,-0.83
07-21-segment10_camera1_slot_19_frame_0348-0.png,7048,6421,-627,-8.9,146.87,144.59,-2.29,-1.56,64.0,63.0,-1.0,-1.56
07-21-segment10_camera1_slot_19_frame_0348-1.png,19854,20364,510,2.57,197.89,200.45,2.56,1.29,158.43,157.14,-1.28,-0.81
07-21-segment10_camera1_slot_29_frame_0526-0.png,7197,7347,150,2.08,140.19,138.6,-1.59,-1.13,83.44,81.62,-1.82,-2.18
07-21-segment10_camera1_slot_6_frame_0118-0.png,19968,20423,455,2.28,173.01,171.21,-1.8,-1.04,162.75,160.51,-2.24,-1.38
07-21-segment10_camera2_slot_11_frame_0195-0.png,20587,20535,-52,-0.25,199.25,199.62,0.37,0.19,159.09,158.15,-0.94,-0.59
07-21-segment1_camera1_slot_10_frame_0281-0.png,9360,9428,68,0.73,135.19,135.19,0.0,0.0,110.17,107.34,-2.82,-2.56
07-21-segment1_camera1_slot_10_frame_0281-1.png,13155,13096,-59,-0.45,166.35,165.61,-0.74,-0.44,135.62,133.04,-2.59,-1.91
07-21-segment1_camera1_slot_2_frame_0061-0.png,15756,16230,474,3.01,169.03,167.72,-1.31,-0.77,153.21,151.13,-2.09,-1.36
07-21-segment1_camera1_slot_4_frame_0099-0.png,7051,6818,-233,-3.3,123.37,128.1,4.73,3.83,78.0,78.0,0.0,0.0
07-21-segment1_camera1_slot_4_frame_0099-1.png,10773,11358,585,5.43,139.83,139.49,-0.34,-0.25,107.72,111.79,4.07,3.78
07-21-segment1_camera1_slot_9_frame_0247-0.png,4072,4047,-25,-0.61,87.36,85.16,-2.2,-2.51,69.72,69.81,0.09,0.14
07-21-segment1_camera2_slot_10_frame_0220-0.png,7272,7227,-45,-0.62,105.99,105.08,-0.91,-0.86,92.44,90.03,-2.41,-2.6
07-21-segment1_camera2_slot_7_frame_0149-0.png,4648,4925,277,5.96,123.79,116.9,-6.89,-5.57,48.0,55.0,7.0,14.58
07-21-segment1_camera2_slot_7_frame_0149-1.png,8143,7975,-168,-2.06,116.4,116.39,-0.01,-0.01,97.56,96.72,-0.84,-0.86
07-21-segment1_camera2_slot_8_frame_0168-0.png,18951,19838,887,4.68,194.79,194.28,-0.51,-0.26,163.82,159.26,-4.55,-2.78
07-21-segment2_camera1_slot_10_frame_0270-0.png,14886,14681,-205,-1.38,193.4,191.67,-1.73,-0.89,119.82,120.19,0.37,0.31
07-21-segment2_camera1_slot_10_frame_0270-1.png,7232,6364,-868,-12.0,141.9,129.5,-12.41,-8.75,82.0,79.0,-3.0,-3.66
07-21-segment2_camera1_slot_28_frame_0780-0.png,2624,2578,-46,-1.75,112.59,113.75,1.16,1.03,47.11,43.72,-3.38,-7.18
07-21-segment2_camera1_slot_28_frame_0780-1.png,14581,14030,-551,-3.78,185.69,175.29,-10.41,-5.6,138.71,133.58,-5.13,-3.7
07-21-segment2_camera1_slot_29_frame_0806-0.png,7005,7223,218,3.11,104.35,108.37,4.03,3.86,95.01,93.05,-1.95,-2.05
07-21-segment2_camera1_slot_5_frame_0126-0.png,17385,17565,180,1.04,169.4,170.36,0.95,0.56,152.67,147.56,-5.11,-3.35
07-21-segment2_camera1_slot_5_frame_0126-1.png,11487,11511,24,0.21,140.55,147.65,7.1,5.05,113.31,115.67,2.36,2.08
07-21-segment2_camera1_slot_6_frame_0150-0.png,10345,10012,-333,-3.22,145.6,146.18,0.58,0.4,117.08,112.75,-4.33,-3.7
07-21-segment2_camera1_slot_6_frame_0150-1.png,19225,19038,-187,-0.97,186.4,186.76,0.36,0.19,158.0,155.08,-2.92,-1.85
07-21-segment2_camera2_slot_11_frame_0332-0.png,18786,18317,-469,-2.5,177.54,177.08,-0.46,-0.26,140.0,136.0,-4.0,-2.86
07-21-segment2_camera2_slot_11_frame_0332-1.png,17314,17614,300,1.73,168.87,170.99,2.12,1.25,136.0,142.0,6.0,4.41
07-21-segment2_camera2_slot_19_frame_0546-0.png,21175,21104,-71,-0.34,195.76,194.58,-1.18,-0.6,146.0,146.0,0.0,0.0
07-21-segment2_camera2_slot_19_frame_0546-1.png,18373,18158,-215,-1.17,166.93,165.68,-1.25,-0.75,153.49,152.92,-0.57,-0.37
07-21-segment2_camera2_slot_24_frame_0674-0.png,11906,12060,154,1.29,166.14,166.15,0.01,0.01,118.37,118.81,0.44,0.37
07-21-segment3_camera1_slot_11_frame_0335-0.png,21194,21412,218,1.03,183.99,189.76,5.77,3.14,166.2,165.47,-0.72,-0.44
07-21-segment3_camera1_slot_17_frame_0489-0.png,16641,16763,122,0.73,176.82,172.13,-4.69,-2.65,136.52,138.91,2.39,1.75
07-21-segment3_camera1_slot_19_frame_0544-0.png,17729,17751,22,0.12,175.32,176.37,1.05,0.6,147.61,148.27,0.66,0.45
07-21-segment3_camera1_slot_20_frame_0574-0.png,6118,6037,-81,-1.32,140.58,102.04,-38.54,-27.41,83.5,66.72,-16.78,-20.09
07-21-segment3_camera1_slot_27_frame_0753-0.png,24187,24554,367,1.52,205.5,209.07,3.57,1.74,177.93,177.36,-0.57,-0.32
07-21-segment3_camera2_slot_16_frame_0462-0.png,5602,5339,-263,-4.69,87.86,86.21,-1.65,-1.88,83.33,80.95,-2.38,-2.86
07-21-segment3_camera2_slot_17_frame_0487-0.png,6981,6982,1,0.01,109.17,106.9,-2.26,-2.07,93.0,97.61,4.61,4.96
07-21-segment4_camera1_slot_11_frame_0304-0.png,16083,16325,242,1.5,176.14,179.49,3.35,1.9,132.0,133.87,1.87,1.42
07-21-segment4_camera1_slot_11_frame_0304-1.png,16834,17190,356,2.11,164.44,162.78,-1.66,-1.01,145.19,146.26,1.07,0.74
07-21-segment4_camera1_slot_14_frame_0375-0.png,15649,15573,-76,-0.49,167.17,159.55,-7.62,-4.56,132.0,144.02,12.02,9.11
07-21-segment4_camera1_slot_15_frame_0395-0.png,3886,3721,-165,-4.25,84.05,83.76,-0.29,-0.35,71.15,65.6,-5.55,-7.8
07-21-segment4_camera1_slot_15_frame_0395-1.png,13256,13634,378,2.85,158.52,160.02,1.5,0.94,127.17,134.71,7.54,5.93
07-21-segment4_camera1_slot_9_frame_0254-0.png,17343,17185,-158,-0.91,194.14,194.83,0.69,0.36,115.0,115.0,0.0,0.0
07-21-segment4_camera1_slot_9_frame_0254-1.png,3519,3467,-52,-1.48,141.42,130.38,-11.04,-7.8,47.58,35.17,-12.41,-26.09
07-21-segment4_camera2_slot_15_frame_0401-0.png,11895,11713,-182,-1.53,137.3,132.61,-4.69,-3.41,116.0,112.16,-3.84,-3.31
07-21-segment4_camera2_slot_23_frame_0643-0.png,6820,7194,374,5.48,156.92,158.29,1.37,0.87,73.39,72.72,-0.67,-0.92
07-21-segment4_camera2_slot_25_frame_0680-0.png,11593,11649,56,0.48,139.81,139.31,-0.49,-0.35,119.36,119.55,0.19,0.16
07-21-segment5_camera1_slot_26_frame_0757-0.png,5645,5764,119,2.11,150.42,150.86,0.45,0.3,64.2,67.25,3.05,4.74
07-21-segment5_camera1_slot_30_frame_0862-0.png,14251,14285,34,0.24,157.43,150.14,-7.3,-4.63,140.21,138.41,-1.79,-1.28
07-21-segment5_camera1_slot_7_frame_0187-0.png,10224,10643,419,4.1,136.61,134.24,-2.37,-1.73,111.92,113.94,2.02,1.81
07-21-segment5_camera2_slot_13_frame_0276-0.png,16786,16854,68,0.41,175.41,173.97,-1.45,-0.82,141.0,138.94,-2.06,-1.46
07-21-segment5_camera2_slot_30_frame_0712-0.png,19853,18282,-1571,-7.91,185.4,188.9,3.51,1.89,149.07,140.62,-8.45,-5.67
07-21-segment5_camera2_slot_8_frame_0171-0.png,23515,23189,-326,-1.39,188.86,185.05,-3.81,-2.02,175.72,176.54,0.83,0.47
07-21-segment6_camera1_slot_15_frame_0356-0.png,10510,10831,321,3.05,143.12,143.03,-0.09,-0.06,116.99,111.93,-5.06,-4.32
07-21-segment6_camera2_slot_23_frame_0695-0.png,12407,12140,-267,-2.15,162.12,159.78,-2.34,-1.44,136.9,132.48,-4.41,-3.22
07-21-segment6_camera2_slot_26_frame_0772-0.png,13360,13256,-104,-0.78,154.32,151.6,-2.72,-1.76,132.0,133.29,1.29,0.98
07-21-segment6_camera2_slot_9_frame_0233-0.png,14331,14698,367,2.56,161.48,158.84,-2.65,-1.64,126.1,134.17,8.07,6.4
07-21-segment7_camera1_slot_23_frame_0600-0.png,18272,19366,1094,5.99,180.29,174.38,-5.91,-3.28,149.54,151.26,1.72,1.15
07-21-segment8_camera1_slot_28_frame_0444-0.png,19598,20818,1220,6.23,185.15,189.36,4.21,2.27,161.58,163.41,1.83,1.13
07-21-segment8_camera1_slot_8_frame_0127-0.png,11568,12236,668,5.77,174.72,173.49,-1.23,-0.71,107.87,110.22,2.36,2.18
07-21-segment8_camera2_slot_21_frame_0341-0.png,21593,21053,-540,-2.5,201.01,197.5,-3.51,-1.75,172.1,156.09,-16.01,-9.3
07-21-segment8_camera2_slot_5_frame_0084-0.png,8624,8771,147,1.7,170.7,160.85,-9.84,-5.77,116.0,90.56,-25.44,-21.93
07-21-segment9_camera1_slot_13_frame_0231-0.png,19638,20142,504,2.57,182.22,182.89,0.67,0.37,152.56,150.09,-2.47,-1.62
07-21-segment9_camera1_slot_17_frame_0293-0.png,18739,18421,-318,-1.7,177.5,175.09,-2.4,-1.35,148.38,148.47,0.08,0.06
07-21-segment9_camera1_slot_22_frame_0376-0.png,25203,25989,786,3.12,197.99,201.31,3.31,1.67,181.1,184.96,3.86,2.13
07-21-segment9_camera1_slot_28_frame_0468-0.png,16732,16984,252,1.51,164.94,169.5,4.56,2.76,141.57,140.43,-1.15,-0.81
07-21-segment9_camera1_slot_2_frame_0044-0.png,4951,4988,37,0.75,88.14,86.01,-2.14,-2.42,78.0,76.96,-1.04,-1.34
07-21-segment9_camera2_slot_12_frame_0220-0.png,11679,11088,-591,-5.06,158.15,154.02,-4.13,-2.61,99.98,99.22,-0.76,-0.76
07-21-segment9_camera2_slot_21_frame_0363-0.png,11903,13195,1292,10.85,184.78,197.04,12.26,6.63,92.32,97.2,4.88,5.28
07-23-segment1_camera1_slot_17_frame_0449-0.png,25080,24751,-329,-1.31,207.63,218.06,10.42,5.02,174.97,164.33,-10.64,-6.08
07-23-segment1_camera1_slot_19_frame_0516-0.png,13187,12713,-474,-3.59,149.72,140.43,-9.3,-6.21,126.78,130.3,3.52,2.78
07-23-segment1_camera1_slot_25_frame_0673-0.png,20531,21288,757,3.69,198.15,194.0,-4.15,-2.1,157.97,158.47,0.5,0.32
07-23-segment1_camera1_slot_29_frame_0772-0.png,24488,20889,-3599,-14.7,212.17,214.15,1.98,0.93,151.0,145.68,-5.32,-3.52
07-23-segment1_camera1_slot_29_frame_0772-1.png,26944,24812,-2132,-7.91,224.14,203.54,-20.6,-9.19,182.91,189.46,6.55,3.58
07-23-segment1_camera1_slot_3_frame_0086-0.png,10689,10609,-80,-0.75,193.66,176.31,-17.35,-8.96,105.24,105.5,0.26,0.24
07-23-segment1_camera1_slot_3_frame_0086-1.png,7643,7536,-107,-1.4,201.07,194.61,-6.46,-3.21,91.45,88.86,-2.58,-2.82
07-23-segment1_camera2_slot_3_frame_0071-0.png,31168,29539,-1629,-5.23,222.38,218.96,-3.42,-1.54,200.52,199.73,-0.79,-0.39
07-23-segment1_camera2_slot_7_frame_0167-0.png,19544,19906,362,1.85,198.66,197.95,-0.71,-0.36,141.0,143.0,2.0,1.42
07-23-segment1_camera2_slot_7_frame_0167-1.png,20318,20360,42,0.21,184.39,183.0,-1.39,-0.75,158.17,159.25,1.08,0.68
07-23-segment2_camera1_slot_21_frame_0522-0.png,27108,27561,453,1.67,225.04,224.38,-0.66,-0.29,173.24,172.05,-1.19,-0.69
07-23-segment2_camera1_slot_26_frame_0647-0.png,7694,7997,303,3.94,118.56,121.17,2.6,2.2,89.31,89.32,0.01,0.01
07-23-segment2_camera1_slot_4_frame_0105-0.png,17528,17478,-50,-0.29,161.19,160.11,-1.07,-0.67,142.0,143.0,1.0,0.7
07-23-segment2_camera1_slot_6_frame_0162-0.png,21069,21885,816,3.87,195.56,196.47,0.91,0.47,161.52,160.19,-1.33,-0.82
07-23-segment2_camera1_slot_8_frame_0212-0.png,16600,16755,155,0.93,182.22,183.5,1.28,0.7,125.88,123.28,-2.59,-2.06
07-23-segment2_camera1_slot_8_frame_0212-1.png,16064,15416,-648,-4.03,191.8,189.5,-2.31,-1.2,132.14,130.13,-2.01,-1.52
07-23-segment2_camera2_slot_12_frame_0329-0.png,24167,23433,-734,-3.04,204.41,201.3,-3.11,-1.52,155.37,151.18,-4.19,-2.7
07-23-segment2_camera2_slot_28_frame_0723-0.png,6537,6840,303,4.64,115.11,118.93,3.82,3.32,82.0,86.88,4.88,5.95
07-23-segment2_camera2_slot_29_frame_0753-0.png,27078,27281,203,0.75,216.93,216.34,-0.59,-0.27,186.07,185.47,-0.59,-0.32
07-23-segment3_camera1_slot_10_frame_0226-0.png,7834,8365,531,6.78,122.33,118.6,-3.74,-3.05,97.51,100.41,2.9,2.97
07-23-segment3_camera1_slot_20_frame_0464-0.png,20053,20441,388,1.93,193.44,193.21,-0.22,-0.11,147.0,147.0,0.0,0.0
07-23-segment3_camera1_slot_20_frame_0464-1.png,5558,5839,281,5.06,135.38,135.15,-0.24,-0.17,88.85,91.83,2.99,3.36
07-23-segment3_camera1_slot_26_frame_0639-0.png,12652,12693,41,0.32,153.71,146.4,-7.31,-4.75,125.94,126.33,0.4,0.32
07-23-segment3_camera1_slot_4_frame_0105-0.png,22760,22285,-475,-2.09,202.2,202.2,0.0,0.0,166.1,165.65,-0.44,-0.27
07-23-segment3_camera2_slot_10_frame_0232-0.png,30721,31187,466,1.52,215.54,218.44,2.89,1.34,197.97,197.71,-0.26,-0.13
07-23-segment3_camera2_slot_20_frame_0488-0.png,25000,24418,-582,-2.33,197.46,193.58,-3.88,-1.97,180.48,175.83,-4.65,-2.58
07-23-segment3_camera2_slot_3_frame_0074-0.png,8004,8071,67,0.84,114.24,114.61,0.38,0.33,98.57,97.54,-1.03,-1.05
07-23-segment4_camera1_slot_13_frame_0350-0.png,11082,10911,-171,-1.54,170.49,166.96,-3.52,-2.07,102.17,99.06,-3.11,-3.04
07-23-segment4_camera1_slot_16_frame_0436-0.png,6047,5684,-363,-6.0,116.21,117.09,0.87,0.75,91.03,78.26,-12.76,-14.02
07-23-segment4_camera1_slot_16_frame_0436-1.png,12723,13522,799,6.28,203.35,209.19,5.84,2.87,111.0,106.0,-5.0,-4.5
07-23-segment4_camera1_slot_24_frame_0648-0.png,23751,23859,108,0.45,220.08,222.97,2.89,1.31,151.0,160.0,9.0,5.96
07-23-segment4_camera1_slot_6_frame_0174-0.png,18331,18930,599,3.27,188.37,186.46,-1.9,-1.01,153.91,152.29,-1.62,-1.05
07-23-segment4_camera2_slot_19_frame_0548-0.png,14816,14523,-293,-1.98,168.36,167.29,-1.08,-0.64,138.8,137.39,-1.41,-1.02
07-23-segment4_camera2_slot_19_frame_0548-1.png,18607,18527,-80,-0.43,189.47,189.47,0.0,0.0,141.0,139.0,-2.0,-1.42
07-23-segment4_camera2_slot_5_frame_0150-0.png,24779,25624,845,3.41,207.28,207.18,-0.1,-0.05,178.93,178.56,-0.37,-0.21
07-23-segment4_camera2_slot_7_frame_0220-0.png,19942,20432,490,2.46,176.41,185.28,8.87,5.03,154.98,166.64,11.66,7.52
07-23-segment5_camera1_slot_11_frame_0342-0.png,19187,19404,217,1.13,178.44,180.97,2.53,1.42,158.81,157.06,-1.75,-1.1
07-23-segment5_camera1_slot_23_frame_0640-0.png,24659,24634,-25,-0.1,214.67,205.97,-8.7,-4.05,166.53,165.31,-1.22,-0.73
07-23-segment5_camera1_slot_3_frame_0092-0.png,17547,18086,539,3.07,168.51,172.68,4.16,2.47,152.56,153.73,1.18,0.77
07-23-segment5_camera1_slot_3_frame_0092-1.png,10694,10459,-235,-2.2,168.24,166.41,-1.83,-1.09,109.34,107.0,-2.34,-2.14
07-23-segment5_camera1_slot_4_frame_0141-0.png,17984,17927,-57,-0.32,176.08,176.26,0.17,0.1,158.8,156.84,-1.95,-1.23
07-23-segment5_camera1_slot_4_frame_0141-1.png,5930,5632,-298,-5.03,155.82,161.79,5.97,3.83,68.0,55.0,-13.0,-19.12
07-23-segment5_camera2_slot_12_frame_0324-0.png,7463,6461,-1002,-13.43,191.02,166.88,-24.14,-12.64,62.0,61.0,-1.0,-1.61
07-23-segment5_camera2_slot_12_frame_0324-1.png,30647,30992,345,1.13,217.37,222.69,5.32,2.45,195.58,192.76,-2.82,-1.44
07-23-segment5_camera2_slot_15_frame_0402-0.png,21734,22904,1170,5.38,191.84,196.89,5.05,2.63,168.56,167.79,-0.78,-0.46
07-23-segment5_camera2_slot_16_frame_0420-0.png,31464,31776,312,0.99,232.56,232.82,0.26,0.11,200.64,200.89,0.25,0.13
07-23-segment6_camera1_slot_10_frame_0303-0.png,15212,15075,-137,-0.9,172.0,161.45,-10.56,-6.14,128.44,124.02,-4.42,-3.44
07-23-segment6_camera1_slot_12_frame_0361-0.png,12001,12376,375,3.12,197.59,204.98,7.4,3.74,110.34,108.24,-2.1,-1.9
07-23-segment6_camera1_slot_19_frame_0562-0.png,17648,18101,453,2.57,169.57,171.03,1.46,0.86,150.16,151.49,1.33,0.89
07-23-segment6_camera1_slot_20_frame_0601-0.png,8527,8578,51,0.6,176.32,175.85,-0.48,-0.27,90.0,87.44,-2.56,-2.85
07-23-segment6_camera1_slot_8_frame_0246-0.png,14786,13157,-1629,-11.02,181.07,150.42,-30.65,-16.93,146.22,134.74,-11.48,-7.85
07-23-segment6_camera2_slot_15_frame_0438-0.png,7315,7119,-196,-2.68,188.61,109.18,-79.43,-42.11,88.6,47.87,-40.73,-45.97
07-23-segment6_camera2_slot_25_frame_0754-0.png,26311,25364,-947,-3.6,223.65,226.74,3.09,1.38,178.17,178.5,0.34,0.19
07-23-segment7_camera1_slot_11_frame_0322-0.png,23931,24136,205,0.86,196.76,196.16,-0.6,-0.31,175.0,174.93,-0.07,-0.04
07-23-segment7_camera1_slot_13_frame_0371-0.png,17236,17560,324,1.88,169.24,166.05,-3.19,-1.89,153.79,154.5,0.71,0.46
07-23-segment7_camera1_slot_13_frame_0371-1.png,22885,22994,109,0.48,218.56,216.9,-1.66,-0.76,156.0,154.0,-2.0,-1.28
07-23-segment7_camera1_slot_14_frame_0398-0.png,13782,13442,-340,-2.47,205.99,200.12,-5.87,-2.85,160.05,141.06,-19.0,-11.87
07-23-segment7_camera1_slot_17_frame_0462-0.png,23487,23520,33,0.14,198.92,189.2,-9.72,-4.89,178.18,173.61,-4.57,-2.57
07-23-segment7_camera1_slot_28_frame_0739-0.png,8346,8029,-317,-3.8,173.23,162.79,-10.45,-6.03,76.0,76.0,0.0,0.0
07-23-segment7_camera2_slot_14_frame_0383-0.png,5204,5019,-185,-3.55,170.29,160.46,-9.83,-5.77,85.51,75.25,-10.26,-12.0
07-23-segment8_camera1_slot_15_frame_0390-0.png,16531,14757,-1774,-10.73,210.22,169.65,-40.57,-19.3,136.0,95.89,-40.11,-29.49
07-23-segment8_camera1_slot_21_frame_0528-0.png,28929,29354,425,1.47,209.9,209.9,0.0,0.0,192.87,190.85,-2.01,-1.04
07-23-segment8_camera1_slot_29_frame_0712-0.png,18610,18051,-559,-3.0,182.78,182.65,-0.13,-0.07,155.93,151.67,-4.25,-2.73
07-23-segment8_camera1_slot_5_frame_0161-0.png,27873,28381,508,1.82,213.34,222.85,9.52,4.46,186.26,188.01,1.75,0.94
07-23-segment8_camera1_slot_9_frame_0262-0.png,18200,17677,-523,-2.87,241.63,226.77,-14.86,-6.15,132.78,133.43,0.65,0.49
07-23-segment8_camera2_slot_17_frame_0435-0.png,25399,24446,-953,-3.75,201.1,198.49,-2.61,-1.3,180.69,179.94,-0.75,-0.41
07-23-segment8_camera2_slot_22_frame_0562-0.png,27390,26823,-567,-2.07,216.07,218.63,2.57,1.19,197.05,183.77,-13.29,-6.74
07-23-segment9_camera1_slot_11_frame_0255-0.png,22802,22068,-734,-3.22,236.48,235.85,-0.64,-0.27,178.8,144.93,-33.87,-18.94
07-23-segment9_camera1_slot_26_frame_0580-0.png,19809,20733,924,4.66,191.44,189.17,-2.27,-1.19,163.62,163.53,-0.09,-0.05
07-23-segment9_camera1_slot_8_frame_0205-0.png,29778,30265,487,1.64,260.86,249.16,-11.71,-4.49,199.9,200.0,0.1,0.05
07-23-segment9_camera2_slot_11_frame_0263-0.png,2702,3603,901,33.35,93.78,93.11,-0.67,-0.71,44.0,56.0,12.0,27.27
07-23-segment9_camera2_slot_11_frame_0263-1.png,20473,18913,-1560,-7.62,216.19,200.64,-15.55,-7.19,139.12,136.02,-3.1,-2.23
